{
  "id": "69d12916-b697-48cf-8ee4-d13bf7f321bd",
  "generation": 0,
  "iteration": 0,
  "timestamp": 1774586131.2718697,
  "parent_id": null,
  "metrics": {
    "combined_score": 0.74,
    "length": 41.0
  },
  "language": "text",
  "saved_at": 1774588663.5281577
}