{
  "id": "ae0cb634-04c2-4278-8b3a-c7f6619763b6",
  "generation": 0,
  "iteration": 0,
  "timestamp": 1774572593.0591385,
  "parent_id": null,
  "metrics": {
    "combined_score": 0.74,
    "length": 41.0
  },
  "language": "text",
  "saved_at": 1774574746.4264944
}